sample_id,elapsed_ms,x,y,z,collision,blocked_path
1,201000,84.30,6224.18,83.84,3,0
2,201000,84.30,6224.18,83.84,3,0
3,201000,84.30,6224.18,83.84,3,0
4,202000,84.30,6224.18,83.84,3,0
5,202000,84.30,6224.18,83.84,3,0
6,202000,84.30,6224.18,83.84,3,0
7,202000,84.30,6224.18,83.84,3,0
8,202000,84.30,6224.18,83.84,3,0
9,202000,84.30,6224.18,83.84,3,0
10,202000,84.30,6224.18,83.84,3,0
11,202000,84.30,6224.18,83.84,3,0
12,202000,84.30,6224.18,83.84,3,0
13,203000,84.30,6224.18,83.84,3,0
14,204000,84.30,6224.18,83.84,3,0
15,204000,84.30,6224.18,83.84,3,0
16,205000,84.30,6224.18,83.84,3,0
17,205000,84.30,6224.18,83.84,3,0
18,205000,84.30,6224.18,83.84,3,0
19,205000,84.30,6224.18,83.84,3,0
20,206000,84.30,6224.18,83.84,3,0
21,207000,84.30,6224.18,83.84,3,0
22,208000,84.30,6224.18,83.84,3,0
23,209000,84.30,6224.18,83.84,3,0
24,210000,84.30,6224.18,83.84,3,0
25,211000,84.30,6224.18,83.84,3,0
26,212000,84.30,6224.18,83.84,3,0
27,213000,84.30,6224.18,83.84,3,0
28,214000,84.30,6224.18,83.84,3,0
29,215000,84.30,6224.18,83.84,3,0
30,216000,84.30,6224.18,83.84,3,0
31,217000,84.30,6224.18,83.84,3,0
32,218000,84.30,6224.18,83.84,3,0
33,219000,84.30,6224.18,83.84,3,0
34,220000,84.30,6224.18,83.84,3,0
35,221000,84.30,6224.18,83.84,3,0
36,222000,84.30,6224.18,83.84,3,0
37,223000,84.30,6224.18,83.84,3,0
38,224000,84.30,6224.18,83.84,3,0
39,225000,84.30,6224.18,83.84,3,0
40,226000,84.30,6224.18,83.84,3,0
41,227000,84.30,6224.18,83.84,3,0
42,228000,84.30,6224.18,83.84,3,0
43,229000,84.30,6224.18,83.84,3,0
44,230000,84.30,6224.18,83.84,3,0
45,231000,84.30,6224.18,83.84,3,0
46,232000,84.30,6224.18,83.84,3,0
47,233000,84.30,6224.18,83.84,3,0
48,234000,84.30,6224.18,83.84,3,0
49,235000,84.30,6224.18,83.84,3,0
50,236000,84.30,6224.18,83.84,3,0
51,237000,84.30,6224.18,83.84,3,0
52,238000,84.30,6224.18,83.84,3,0
53,239000,84.30,6224.18,83.84,3,0
54,240000,84.30,6224.18,83.84,3,0
55,241000,84.30,6224.18,83.84,3,0
56,242000,84.30,6224.18,83.84,3,0
57,243000,84.30,6224.18,83.84,3,0
58,244000,84.30,6224.18,83.84,3,0
59,245000,84.30,6224.18,83.84,3,0
60,246000,84.30,6224.18,83.84,3,0
61,247000,84.30,6224.18,83.84,3,0
62,248000,84.30,6224.18,83.84,3,0
63,249000,84.30,6224.18,83.84,3,0
64,250000,84.30,6224.18,83.84,3,0
65,251000,84.30,6224.18,83.84,3,0
66,252000,84.30,6224.18,83.84,3,0
67,253000,84.30,6224.18,83.84,3,0
68,254000,84.30,6224.18,83.84,3,0
69,255000,84.30,6224.18,83.84,3,0
70,256000,84.30,6224.18,83.84,3,0
71,257000,84.30,6224.18,83.84,3,0
72,258000,84.30,6224.18,83.84,3,0
73,259000,84.30,6224.18,83.84,3,0
74,260000,84.30,6224.18,83.84,3,0
75,261000,84.30,6224.18,83.84,3,0
76,262000,84.30,6224.18,83.84,3,0
77,263000,84.30,6224.18,83.84,3,0
78,264000,84.30,6224.18,83.84,3,0
79,265000,84.30,6224.18,83.84,3,0
80,266000,84.30,6224.18,83.84,3,0
81,267000,84.30,6224.18,83.84,3,0
82,268000,84.30,6224.18,83.84,3,0
83,269000,84.30,6224.18,83.84,3,0
84,270000,84.30,6224.18,83.84,3,0
85,271000,84.30,6224.18,83.84,3,0
86,272000,84.30,6224.18,83.84,3,0
87,273000,84.30,6224.18,83.84,3,0
88,274000,84.30,6224.18,83.84,3,0
89,275000,84.30,6224.18,83.84,3,0
90,276000,84.30,6224.18,83.84,3,0
91,277000,84.30,6224.18,83.84,3,0
92,278000,84.30,6224.18,83.84,3,0
93,279000,84.30,6224.18,83.84,3,0
94,280000,84.30,6224.18,83.84,3,0
95,281000,84.30,6224.18,83.84,3,0
96,282000,84.30,6224.18,83.84,3,0
97,283000,84.30,6224.18,83.84,3,0
98,284000,84.30,6224.18,83.84,3,0
99,285000,84.30,6224.18,83.84,3,0
100,286000,84.30,6224.18,83.84,3,0
101,287000,84.30,6224.18,83.84,3,0
102,288000,84.30,6224.18,83.84,3,0
103,289000,84.30,6224.18,83.84,3,0
104,290000,84.30,6224.18,83.84,3,0
105,291000,84.30,6224.18,83.84,3,0
106,292000,84.30,6224.18,83.84,3,0
107,293000,84.30,6224.18,83.84,3,0
108,294000,84.30,6224.18,83.84,3,0
109,295000,84.30,6224.18,83.84,3,0
110,296000,84.30,6224.18,83.84,3,0
111,297000,84.30,6224.18,83.84,3,0
112,298000,84.30,6224.18,83.84,3,0
113,299000,84.30,6224.18,83.84,3,0
114,300000,84.30,6224.18,83.84,3,0
115,301000,84.30,6224.18,83.84,3,0
116,302000,84.30,6224.18,83.84,3,0
117,303000,84.30,6224.18,83.84,3,0
118,304000,84.30,6224.18,83.84,3,0
119,305000,84.30,6224.18,83.84,3,0
120,306000,84.30,6224.18,83.84,3,0
121,307000,84.30,6224.18,83.84,3,0
122,308000,84.30,6224.18,83.84,3,0
123,309000,84.30,6224.18,83.84,3,0
124,310000,84.30,6224.18,83.84,3,0
125,311000,84.30,6224.18,83.84,3,0
126,312000,84.30,6224.18,83.84,3,0
127,313000,84.30,6224.18,83.84,3,0
128,314000,84.30,6224.18,83.84,3,0
129,315000,84.30,6224.18,83.84,3,0
130,316000,84.30,6224.18,83.84,3,0
131,317000,84.30,6224.18,83.84,3,0
132,318000,84.30,6224.18,83.84,3,0
133,319000,84.30,6224.18,83.84,3,0
134,320000,84.30,6224.18,83.84,3,0
135,321000,84.30,6224.18,83.84,3,0
136,322000,84.30,6224.18,83.84,3,0
137,323000,84.30,6224.18,83.84,3,0
138,324000,84.30,6224.18,83.84,3,0
139,325000,84.30,6224.18,83.84,3,0
140,326000,84.30,6224.18,83.84,3,0
141,327000,84.30,6224.18,83.84,3,0
142,328000,84.30,6224.18,83.84,3,0
143,329000,84.30,6224.18,83.84,3,0
144,330000,84.30,6224.18,83.84,3,0
145,331000,84.30,6224.18,83.84,3,0
146,332000,84.30,6224.18,83.84,3,0
147,333000,84.30,6224.18,83.84,3,0
148,334000,84.30,6224.18,83.84,3,0
149,335000,84.30,6224.18,83.84,3,0
150,336000,84.30,6224.18,83.84,3,0
151,337000,84.30,6224.18,83.84,3,0
152,338000,84.30,6224.18,83.84,3,0
153,339000,84.30,6224.18,83.84,3,0
154,340000,84.30,6224.18,83.84,3,0
155,341000,84.30,6224.18,83.84,3,0
156,342000,84.30,6224.18,83.84,3,0
157,343000,84.30,6224.18,83.84,3,0
158,344000,84.30,6224.18,83.84,3,0
159,345000,84.30,6224.18,83.84,3,0
160,346000,84.30,6224.18,83.84,3,0
161,347000,84.30,6224.18,83.84,3,0
162,348000,84.30,6224.18,83.84,3,0
163,349000,84.30,6224.18,83.84,3,0
164,350000,84.30,6224.18,83.84,3,0
165,351000,84.30,6224.18,83.84,3,0
166,352000,84.30,6224.18,83.84,3,0
167,353000,84.30,6224.18,83.84,3,0
168,354000,84.30,6224.18,83.84,3,0
169,355000,84.30,6224.18,83.84,3,0
170,356000,84.30,6224.18,83.84,3,0
171,357000,84.30,6224.18,83.84,3,0
172,358000,84.30,6224.18,83.84,3,0
173,359000,84.30,6224.18,83.84,3,0
174,360000,84.30,6224.18,83.84,3,0
175,361000,84.30,6224.18,83.84,3,0
176,362000,84.30,6224.18,83.84,3,0
177,363000,84.30,6224.18,83.84,3,0
178,364000,84.30,6224.18,83.84,3,0
179,365000,84.30,6224.18,83.84,3,0
180,366000,84.30,6224.18,83.84,3,0
181,367000,84.30,6224.18,83.84,3,0
182,368000,84.30,6224.18,83.84,3,0
183,369000,84.30,6224.18,83.84,3,0
184,370000,84.30,6224.18,83.84,3,0
185,371000,84.30,6224.18,83.84,3,0
186,372000,84.30,6224.18,83.84,3,0
187,373000,84.30,6224.18,83.84,3,0
188,374000,84.30,6224.18,83.84,3,0
189,375000,84.30,6224.18,83.84,3,0
190,376000,84.30,6224.18,83.84,3,0
191,377000,84.30,6224.18,83.84,3,0
192,378000,84.30,6224.18,83.84,3,0
193,379000,84.30,6224.18,83.84,3,0
194,380000,84.30,6224.18,83.84,3,0
195,381000,84.30,6224.18,83.84,3,0
196,382000,84.30,6224.18,83.84,3,0
197,383000,84.30,6224.18,83.84,3,0
198,384000,84.30,6224.18,83.84,3,0
199,385000,84.30,6224.18,83.84,3,0
200,386000,84.30,6224.18,83.84,3,0
201,387000,84.30,6224.18,83.84,3,0
202,388000,84.30,6224.18,83.84,3,0
203,389000,84.30,6224.18,83.84,3,0
204,390000,84.30,6224.18,83.84,3,0
205,391000,84.30,6224.18,83.84,3,0
206,392000,84.30,6224.18,83.84,3,0
207,393000,84.30,6224.18,83.84,3,0
208,394000,84.30,6224.18,83.84,3,0
209,395000,84.30,6224.18,83.84,3,0
210,396000,84.30,6224.18,83.84,3,0
211,397000,84.30,6224.18,83.84,3,0
212,398000,84.30,6224.18,83.84,3,0
213,399000,84.30,6224.18,83.84,3,0
214,400000,84.30,6224.18,83.84,3,0
215,401000,84.30,6224.18,83.84,3,0
216,402000,84.30,6224.18,83.84,3,0
217,403000,84.30,6224.18,83.84,3,0
218,404000,84.30,6224.18,83.84,3,0
219,405000,84.30,6224.18,83.84,3,0
220,406000,84.30,6224.18,83.84,3,0
221,407000,84.30,6224.18,83.84,3,0
222,408000,84.30,6224.18,83.84,3,0
223,409000,84.30,6224.18,83.84,3,0
224,410000,84.30,6224.18,83.84,3,0
225,411000,84.30,6224.18,83.84,3,0
226,412000,84.30,6224.18,83.84,3,0
227,413000,84.30,6224.18,83.84,3,0
228,414000,84.30,6224.18,83.84,3,0
229,415000,84.30,6224.18,83.84,3,0
230,416000,84.30,6224.18,83.84,3,0
231,417000,84.30,6224.18,83.84,3,0
232,418000,84.30,6224.18,83.84,3,0
233,419000,84.30,6224.18,83.84,3,0
234,420000,84.30,6224.18,83.84,3,0
235,421000,84.30,6224.18,83.84,3,0
236,422000,84.30,6224.18,83.84,3,0
237,423000,84.30,6224.18,83.84,3,0
238,424000,84.30,6224.18,83.84,3,0
239,425000,84.30,6224.18,83.84,3,0
240,426000,84.30,6224.18,83.84,3,0
241,427000,84.30,6224.18,83.84,3,0
242,428000,84.30,6224.18,83.84,3,0
243,429000,84.30,6224.18,83.84,3,0
244,430000,84.30,6224.18,83.84,3,0
245,431000,84.30,6224.18,83.84,3,0
246,432000,84.30,6224.18,83.84,3,0
247,433000,84.30,6224.18,83.84,3,0
248,434000,84.30,6224.18,83.84,3,0
249,435000,84.30,6224.18,83.84,3,0
250,436000,84.30,6224.18,83.84,3,0
251,437000,84.30,6224.18,83.84,3,0
252,438000,84.30,6224.18,83.84,3,0
253,439000,84.30,6224.18,83.84,3,0
254,440000,84.30,6224.18,83.84,3,0
255,441000,84.30,6224.18,83.84,3,0
256,442000,84.30,6224.18,83.84,3,0
257,443000,84.30,6224.18,83.84,3,0
258,444000,84.30,6224.18,83.84,3,0
259,445000,84.30,6224.18,83.84,3,0
260,446000,84.30,6224.18,83.84,3,0
261,447000,84.30,6224.18,83.84,3,0
262,448000,84.30,6224.18,83.84,3,0
263,449000,84.30,6224.18,83.84,3,0
264,450000,84.30,6224.18,83.84,3,0
265,451000,84.30,6224.18,83.84,3,0
266,452000,84.30,6224.18,83.84,3,0
267,453000,84.30,6224.18,83.84,3,0
268,454000,84.30,6224.18,83.84,3,0
269,455000,84.30,6224.18,83.84,3,0
270,456000,84.30,6224.18,83.84,3,0
271,457000,84.30,6224.18,83.84,3,0
272,458000,84.30,6224.18,83.84,3,0
273,459000,84.30,6224.18,83.84,3,0
274,460000,84.30,6224.18,83.84,3,0
275,461000,84.30,6224.18,83.84,3,0
276,462000,84.30,6224.18,83.84,3,0
277,463000,84.30,6224.18,83.84,3,0
278,464000,84.30,6224.18,83.84,3,0
279,465000,84.30,6224.18,83.84,3,0
280,466000,84.30,6224.18,83.84,3,0
281,467000,84.30,6224.18,83.84,3,0
282,468000,84.30,6224.18,83.84,3,0
283,469000,84.30,6224.18,83.84,3,0
284,470000,84.30,6224.18,83.84,3,0
285,471000,84.30,6224.18,83.84,3,0
286,472000,84.30,6224.18,83.84,3,0
287,473000,84.30,6224.18,83.84,3,0
288,474000,84.30,6224.18,83.84,3,0
289,475000,84.30,6224.18,83.84,3,0
290,476000,84.30,6224.18,83.84,3,0
291,477000,84.30,6224.18,83.84,3,0
292,478000,84.30,6224.18,83.84,3,0
293,479000,84.30,6224.18,83.84,3,0
294,480000,84.30,6224.18,83.84,3,0
295,481000,84.30,6224.18,83.84,3,0
296,482000,84.30,6224.18,83.84,3,0
297,483000,84.30,6224.18,83.84,3,0
298,484000,84.30,6224.18,83.84,3,0
299,485000,84.30,6224.18,83.84,3,0
300,486000,84.30,6224.18,83.84,3,0
301,487000,84.30,6224.18,83.84,3,0
302,488000,84.30,6224.18,83.84,3,0
303,489000,84.30,6224.18,83.84,3,0
304,490000,84.30,6224.18,83.84,3,0
305,491000,84.30,6224.18,83.84,3,0
306,492000,84.30,6224.18,83.84,3,0
307,493000,84.30,6224.18,83.84,3,0
308,494000,84.30,6224.18,83.84,3,0
309,495000,84.30,6224.18,83.84,3,0
310,496000,84.30,6224.18,83.84,3,0
311,497000,84.30,6224.18,83.84,3,0
312,498000,84.30,6224.18,83.84,3,0
313,499000,84.30,6224.18,83.84,3,0
314,500000,84.30,6224.18,83.84,3,0
315,501000,84.30,6224.18,83.84,3,0
316,502000,84.30,6224.18,83.84,0,0
317,503000,84.30,6224.18,83.84,0,0
318,504000,77.23,6220.18,83.84,0,0
319,505000,-0.78,6195.14,83.85,0,0
320,506000,-83.22,6205.03,83.87,0,0
321,507000,-168.03,6245.63,83.88,0,0
322,508000,-251.90,6238.02,83.89,0,0
323,509000,-336.99,6202.85,83.91,0,0
324,510000,-424.22,6195.52,83.92,0,0
325,511000,-506.64,6164.88,83.94,0,0
326,512000,-562.93,6099.20,83.95,0,0
327,513000,-605.44,6002.28,83.96,0,0
328,514000,-646.68,5923.84,83.98,0,0
329,515000,-692.17,5843.79,83.99,0,0
330,516000,-734.62,5768.85,84.01,0,0
331,517000,-768.65,5683.88,84.02,0,0
332,518000,-789.18,5597.18,39.03,0,0
333,519000,-798.26,5558.66,-5.95,0,0
334,520000,-798.26,5558.66,-35.94,0,0
335,521000,-801.66,5544.05,-50.92,0,0
336,522000,-752.97,5613.78,-50.91,0,0
337,523000,-694.46,5680.79,-50.90,0,0
338,524000,-621.75,5728.58,-50.88,0,0
339,525000,-574.82,5804.32,-35.87,0,0
340,526000,-529.34,5877.46,-5.85,0,0
341,527000,-474.69,5951.38,24.16,0,0
342,528000,-411.92,6018.48,54.17,0,0
343,529000,-343.49,6075.55,84.19,0,0
344,530000,-282.41,6126.35,114.20,0,0
345,531000,-218.32,6179.65,166.29,0,0
346,532000,-203.88,6191.67,183.81,0,0
347,533000,-203.88,6191.67,173.58,0,0
348,534000,-160.44,6168.93,207.23,0,0
349,535000,-130.53,6175.54,242.00,0,0
350,536000,-130.53,6175.54,275.64,0,0
351,537000,-130.53,6175.54,294.29,0,0
352,538000,-144.47,6170.00,327.94,0,0
353,539000,-144.47,6170.00,361.58,0,0
354,540000,-144.47,6170.00,86.85,3,0
355,542000,-144.47,6170.00,86.85,3,0
356,542000,-144.47,6170.00,86.85,3,0
357,543000,-144.47,6170.00,86.85,3,0
358,544000,-144.47,6170.00,86.85,3,0
